<?xml version="1.0" encoding="UTF-8" ?>
<!DOCTYPE mapper
        PUBLIC "-//mybatis.org//DTD Mapper 3.0//EN"
        "http://mybatis.org/dtd/mybatis-3-mapper.dtd">

<mapper namespace="com.pp.mybatis.dao.OrdersMapper">
    <!--一对一 resultType-->
    <select id="findOrdersAndUser" resultType="com.pp.mybatis.pojo.OrderExt">
        SELECT orders.id,orders.user_id,orders.number,user.username,user.sex from
        orders,user where
        orders.user_id = user.id
    </select>
    <!--一对一 resultMap-->
    <resultMap id="OrdersAndUserRstMap" type="com.pp.mybatis.pojo.OrderExt">
        <!--订单信息-->
        <id column="id" property="id"></id>
        <result column="user_id" property="userId"></result>
        <result column="number" property="number"></result>
        <!--用户信息（一对一)-->
        <!--id标签在关联查询是必须写上，不写会影响性能-->
        <association property="user" javaType="com.pp.mybatis.pojo.User">
            <id column="user_id" property="id"></id>
            <result column="username" property="username"></result>
            <result column="sex" property="sex"></result>
        </association>
    </resultMap>
    <select id="findOrdersAndUser1" resultMap="OrdersAndUserRstMap">
        SELECT orders.id,orders.user_id,orders.number,user.username,user.sex from
        orders,user where
        orders.user_id = user.id
    </select>

    <!--一对多-->
    <!--extends:可以继承指定的resultMap，继承时类型需要一样-->
    <resultMap id="OrdersAndDetailRstMap" type="com.pp.mybatis.pojo.OrderExt" extends="OrdersAndUserRstMap">
        <!--订单信息-->
        <!--用户信息-->
        <!--明细信息-->
        <collection property="orderdetailList" ofType="com.pp.mybatis.pojo.Orderdetail">
            <id column="detailid" property="id"></id>
            <result column="items_id" property="itemsId"></result>
            <result column="items_num" property="itemsNum"></result>
        </collection>
    </resultMap>
    <select id="findOrdersAndDetailRstMap" resultMap="OrdersAndDetailRstMap">
        SELECT orders.id,orders.user_id,orders.number,user.username,user.sex,orderdetail.id detailid,orderdetail.items_id,orderdetail.items_num from
        orders,user,orderdetail where
        orders.user_id = user.id and orders.id = orderdetail.orders_id;
    </select>

    <!--多对多-->
    <!--extends:可以继承指定的resultMap，继承时类型需要一样-->
    <resultMap id="UserAndItems" type="com.pp.mybatis.pojo.User">
        <id column="user_id" property="id"></id>
        <result column="username" property="username"></result>
        <result column="sex" property="sex"></result>
        <collection property="orders" ofType="com.pp.mybatis.pojo.Orders">
            <id column="id" property="id"></id>
            <result column="user_id" property="userId"></result>
            <result column="number" property="number"></result>
            <collection property="orderdetails" ofType="com.pp.mybatis.pojo.Orderdetail">
                <id column="detailid" property="id"></id>
                <result column="items_id" property="itemsId"></result>
                <result column="items_num" property="itemsNum"></result>
                <association property="items" javaType="com.pp.mybatis.pojo.Items">
                    <id column="items_id" property="id"></id>
                    <result column="name" property="name"></result>
                    <result column="price" property="price"></result>
                </association>
            </collection>
        </collection>
    </resultMap>
    <select id="findUserAndItemsRstMap" resultMap="UserAndItems">
        SELECT orders.id,orders.user_id,orders.number,user.username,user.sex,
        orderdetail.id detailid,orderdetail.items_id,orderdetail.items_num,
        items.name,items.price from
        orders,user,orderdetail,items where
        orders.user_id = user.id and orders.id = orderdetail.orders_id
        and orderdetail.items_id = items.id;
    </select>


    <!--延迟加载-->
    <resultMap id="lazyLoadingRstMap" type="com.pp.mybatis.pojo.OrderExt">
        <id column="id" property="id"></id>
        <result column="user_id" property="userId"></result>
        <result column="number" property="number"></result>
        <!--select:指定关联查询的查询statement，然后将查询结果封装到property属性指定的变量中-->
        <!--column:通过指定的列所查询出来的结果，作为select指定的入参-->
        <association property="user" javaType="com.pp.mybatis.pojo.User"
                     select="com.pp.mybatis.dao.UserMapper.findUserById" column="user_id"></association>
    </resultMap>
    <select id="findOrderAndUserLazyLoading" resultMap="lazyLoadingRstMap">
        select * from orders
    </select>
</mapper>