<?xml version="1.0" encoding="UTF-8" ?>
<!DOCTYPE mapper
        PUBLIC "-//mybatis.org//DTD Mapper 3.0//EN"
        "http://mybatis.org/dtd/mybatis-3-mapper.dtd">

<mapper namespace="com.pp.mybatis.dao.UserMapper">
    <!--开启二级缓存-->
    <cache></cache>

    <select id="findUserById" parameterType="int" resultType="com.pp.mybatis.pojo.User" useCache="true">
        select * from user where id = #{id}
    </select>


    <select id="findUserByName" parameterType="string" resultType="com.pp.mybatis.pojo.User">
        select * from user where username like concat('%',#{name},'%')
    </select>


    <insert id="insertUser" parameterType="com.pp.mybatis.pojo.User">
        <selectKey keyProperty="id" resultType="int" order="AFTER">
            select last_insert_id();
        </selectKey>
        insert into user(username,birthday,sex,address) values(#{username},#{birthday},#{sex},#{address})
    </insert>

    <!--综合查询，查询用户列表-->
    <select id="findUserList" parameterType="com.pp.mybatis.pojo.UserQueryOV" resultType="com.pp.mybatis.pojo.User">
        select * from user where username like concat('%',#{user.username},'%') and sex=#{user.sex}
    </select>

    <!--综合查询用户总数-->
    <select id="findUserCount" parameterType="com.pp.mybatis.pojo.UserQueryOV" resultType="int">
        select count(*) from user where username like concat('%',#{user.username},'%') and sex=#{user.sex}
    </select>

    <!--resultMap入门-->
    <!--id标签:专门为查询结果中唯一列映射-->
    <!--result标签:映射查询结果中的普通列-->
    <resultMap id="UserRstMap" type="com.pp.mybatis.pojo.User">
        <id column="id_" property="id"></id>
        <result column="username_" property="username"></result>
        <result column="sex_" property="sex"></result>
    </resultMap>
    
    <select id="findUserRstMap" parameterType="int" resultMap="UserRstMap">
        select id id_,username username_,sex sex_ from user where id = #{id};
    </select>

    <!--查询条件由用户来输入，用户名称可以为空-->
    <select id="findUserByName1" parameterType="com.pp.mybatis.pojo.UserQueryOV" resultType="com.pp.mybatis.pojo.User">
         select * from user
         <!--where标签：默认去掉后面第一个and，如果没有参数，则把自己干掉-->
         <where>
             <!--if标签：可以对输入的参数进行判断-->
             <!--test:指定判断表达式-->
             <if test="user!=null">
                 <if test="user.username !=null and user.username!=''">
                     and username like concat('%',#{user.username},'%')
                 </if>
                 <if test="user.sex !=null and user.sex!=''">
                     and sex=#{user.sex}
                 </if>
             </if>
         </where>
    </select>

    <!--sql片段-->
    <!--定义sql片段-->
    <!--sql片段最好不要把where和select写在里面-->
    <sql id="whereClause">
        <if test="user!=null">
            <if test="user.username!=null and user.username!=''">
                and username like concat('%',#{user.username},'%')
            </if>
            <if test="user.sex!=null and user.sex!=''">
                and sex=#{user.sex}
            </if>
        </if>
    </sql>
    <select id="findUserCount1" parameterType="com.pp.mybatis.pojo.UserQueryOV" resultType="int">
        select count(*) from user
        <where>
            <!--引入sql片段-->
            <include refid="whereClause"></include>
        </where>
    </select>

    <!--根据用户id集合进行查询-->
    <select id="findUserByIdList" parameterType="com.pp.mybatis.pojo.UserQueryOV" resultType="com.pp.mybatis.pojo.User">
        select * from user where
        id in
        <foreach collection="idList" item="id" open="(" close=")" separator=",">
            #{id}
        </foreach>
    </select>
</mapper>