<?xml version="1.0" encoding="UTF-8" ?>
<!DOCTYPE mapper
        PUBLIC "-//mybatis.org//DTD Mapper 3.0//EN"
        "http://mybatis.org/dtd/mybatis-3-mapper.dtd">
<!-- namespace：命名空间，对statement的信息进行分类管理-->
<!-- 在mapper代理时，用来映射-->
<mapper namespace="test">
    <!--根据用id查询信息-->
    <!-- select:表示一个MapperStatement对象-->
    <!-- statement的唯一标识-->
    <!-- parameterType:输入参数的java类型-->
    <!-- resultType：查询结果所映射的java类型(单条结果所对应的类型)-->
    <select id="findUserById" parameterType="int" resultType="com.pp.mybatis.pojo.User">
        <!--#{value}如果该参数名称是简单类型，那么里面的参数名称可以是任意-->
        select * from user where id = #{id}
    </select>

    <!--根据用户名称模糊查询用户列表-->
    <select id="findUserByName" parameterType="string" resultType="com.pp.mybatis.pojo.User">
        <!--select * from user where username like #{name}-->
        <!--${value}表示一个sql的连接符,如果该参数名称是简单类型，那么里面的参数名称必须是value-->
        <!--这种写法存在sql注入风险，慎用，但是一些场景必须使用，会原样输出，不加解释 -->
        <!--select * from user where username like '%${value}%'-->
        select * from user where username like concat('%',#{name},'%')
    </select>

    <!--添加用户-->
    <!--selecyKey:查询主键，在标签内需要输入查询主键的sql-->
    <!--order:指定查询主键的sql和insert语句的执行顺序，相当于insert语句来说-->
    <!--last_insert_id：是mysql的函数，获得自增主键的id，必须配合insert语句一起使用-->
    <insert id="insertUser" parameterType="com.pp.mybatis.pojo.User">
        <selectKey keyProperty="id" resultType="int" order="AFTER">
            select last_insert_id();
        </selectKey>
        insert into user(username,birthday,sex,address) values(#{username},#{birthday},#{sex},#{address})
    </insert>
</mapper>