<?xml version="1.0" encoding="UTF-8" ?>
<!DOCTYPE configuration
        PUBLIC "-//mybatis.org//DTD Config 3.0//EN"
        "http://mybatis.org/dtd/mybatis-3-config.dtd">
<!--mybatis的主配置文件-->
<configuration>
<!--    &lt;!&ndash;加载java的配置文件或者声明属性信息&ndash;&gt;-->
<!--    &lt;!&ndash;先加载properties中的property标签声明的属性，然后加载properties标签&ndash;&gt;-->
<!--    <properties resource="db.properties">-->
<!--        <property name="db.username" value="123"/>-->
<!--    </properties>-->
<!--    -->
<!--    &lt;!&ndash;setting&ndash;&gt;-->
<!--    -->
<!--    -->
<!--    &lt;!&ndash;自定义别名&ndash;&gt;-->
<!--    <typeAliases>-->
<!--        &lt;!&ndash;单个别名定义&ndash;&gt;-->
<!--        <typeAlias type="com.pp.mybatis.pojo.User" alias="user"></typeAlias>-->
<!--        &lt;!&ndash;批量别名定义&ndash;&gt;-->
<!--        &lt;!&ndash;指定包名称来为该包下的po声明别名，默认别名就是类型（首字母大小写都可以）&ndash;&gt;-->
<!--        <package name="com.pp.mybatis.pojo"/>-->
<!--    </typeAliases>-->

<!--    &lt;!&ndash;配置环境&ndash;&gt;-->
<!--    <environments default="mysql">-->
<!--        &lt;!&ndash;配置mysql环境&ndash;&gt;-->
<!--        <environment id="mysql">-->
<!--            &lt;!&ndash;配置事物的类型&ndash;&gt;-->
<!--            <transactionManager type="JDBC"></transactionManager>-->
<!--            &lt;!&ndash;配置数据源（连接池)&ndash;&gt;-->
<!--            <dataSource type="POOLED">-->
<!--                &lt;!&ndash;配置连接数据库的四个基本信息 &ndash;&gt;-->
<!--                <property name="driver" value="${db.driver}"/>-->
<!--                <property name="url" value="${db.url}"/>-->
<!--                <property name="username" value="${db.username}"/>-->
<!--                <property name="password" value="${db.password}"/>-->
<!--            </dataSource>-->
<!--        </environment>-->
<!--    </environments>-->
    <settings>
        <!--开启延迟加载-->
        <setting name="lazyLoadingEnabled" value="true"/>
        <!--设置积极的懒加载,默认是true-->
        <setting name="aggressiveLazyLoading" value="false"/>
        <!--开启二级缓存-->
        <setting name="cacheEnabled" value="true"/>
    </settings>
    <!--配置环境-->
    <environments default="mysql">
        <!--配置mysql环境-->
        <environment id="mysql">
            <!--配置事物的类型-->
            <transactionManager type="JDBC"></transactionManager>
            <!--配置数据源（连接池)-->
            <dataSource type="POOLED">
                <!--配置连接数据库的四个基本信息 -->
                <property name="driver" value="com.mysql.jdbc.Driver"/>
                <property name="url" value="jdbc:mysql://localhost:3306/mydb1?serverTimezone=GMT%2B8"/>
                <property name="username" value="root"/>
                <property name="password" value="658001"/>
            </dataSource>
        </environment>
    </environments>

    <!--指定映射配置文件的配置，映射配置文件指的是每个dao独立的配置文件
    如果是注解来配置，此处应该使用class属性指定被注解的类-->
    <mappers>
        <mapper resource="mapper.xml"/>
        <mapper resource="mapper/UserMapper.xml"/>
        <mapper resource="mapper/OrdersMapper.xml"/>
    </mappers>


</configuration>