<?xml version="1.0" encoding="UTF-8"?>
<!DOCTYPE mapper PUBLIC "-//mybatis.org//DTD Mapper 3.0//EN" "http://mybatis.org/dtd/mybatis-3-mapper.dtd">
<mapper namespace="com.pp.dao.AccountMapper">
  <resultMap id="BaseResultMap" type="com.pp.domain.Account">
    <id column="id" jdbcType="INTEGER" property="id" />
    <result column="name" jdbcType="VARCHAR" property="name" />
    <result column="money" jdbcType="REAL" property="money" />
  </resultMap>
  <delete id="deleteByPrimaryKey" parameterType="java.lang.Integer">
    delete from account
    where id = #{id,jdbcType=INTEGER}
  </delete>
  <insert id="insert" parameterType="com.pp.domain.Account">
    insert into account (id, name, money)
    values (#{id,jdbcType=INTEGER}, #{name,jdbcType=VARCHAR}, #{money,jdbcType=REAL})
  </insert>
  <update id="updateByPrimaryKey" parameterType="com.pp.domain.Account">
    update account
    set name = #{name,jdbcType=VARCHAR},
      money = #{money,jdbcType=REAL}
    where id = #{id,jdbcType=INTEGER}
  </update>
  <select id="selectByPrimaryKey" parameterType="java.lang.Integer" resultMap="BaseResultMap">
    select id, name, money
    from account
    where id = #{id,jdbcType=INTEGER}
  </select>
  <select id="selectAll" resultMap="BaseResultMap">
    select id, name, money
    from account
  </select>
</mapper>