<?xml version="1.0" encoding="UTF-8"?>
<!DOCTYPE mapper PUBLIC "-//mybatis.org//DTD Mapper 3.0//EN" "http://mybatis.org/dtd/mybatis-3-mapper.dtd">
<mapper namespace="com.pp.dao.ItemsMapper">
  <resultMap id="BaseResultMap" type="com.pp.domain.Items">
    <id column="id" jdbcType="INTEGER" property="id" />
    <result column="name" jdbcType="VARCHAR" property="name" />
    <result column="price" jdbcType="REAL" property="price" />
    <result column="pic" jdbcType="VARCHAR" property="pic" />
    <result column="createtime" jdbcType="TIMESTAMP" property="createtime" />
    <result column="detail" jdbcType="LONGVARCHAR" property="detail" />
  </resultMap>
  <delete id="deleteByPrimaryKey" parameterType="java.lang.Integer">
    delete from items
    where id = #{id,jdbcType=INTEGER}
  </delete>
  <insert id="insert" parameterType="com.pp.domain.Items">
    insert into items (id, name, price, 
      pic, createtime, detail
      )
    values (#{id,jdbcType=INTEGER}, #{name,jdbcType=VARCHAR}, #{price,jdbcType=REAL}, 
      #{pic,jdbcType=VARCHAR}, #{createtime,jdbcType=TIMESTAMP}, #{detail,jdbcType=LONGVARCHAR}
      )
  </insert>
  <update id="updateByPrimaryKey" parameterType="com.pp.domain.Items">
    update items
    set name = #{name,jdbcType=VARCHAR},
      price = #{price,jdbcType=REAL},
      pic = #{pic,jdbcType=VARCHAR},
      createtime = #{createtime,jdbcType=TIMESTAMP},
      detail = #{detail,jdbcType=LONGVARCHAR}
    where id = #{id,jdbcType=INTEGER}
  </update>
  <select id="selectByPrimaryKey" parameterType="java.lang.Integer" resultMap="BaseResultMap">
    select id, name, price, pic, createtime, detail
    from items
    where id = #{id,jdbcType=INTEGER}
  </select>
  <select id="selectAll" resultMap="BaseResultMap">
    select id, name, price, pic, createtime, detail
    from items
  </select>
</mapper>