<?xml version="1.0" encoding="UTF-8"?>
<!DOCTYPE mapper PUBLIC "-//mybatis.org//DTD Mapper 3.0//EN" "http://mybatis.org/dtd/mybatis-3-mapper.dtd">
<mapper namespace="com.pp.dao.OrderdetailMapper">
  <resultMap id="BaseResultMap" type="com.pp.domain.Orderdetail">
    <id column="id" jdbcType="INTEGER" property="id" />
    <result column="orders_id" jdbcType="INTEGER" property="ordersId" />
    <result column="items_id" jdbcType="INTEGER" property="itemsId" />
    <result column="items_num" jdbcType="INTEGER" property="itemsNum" />
  </resultMap>
  <delete id="deleteByPrimaryKey" parameterType="java.lang.Integer">
    delete from orderdetail
    where id = #{id,jdbcType=INTEGER}
  </delete>
  <insert id="insert" parameterType="com.pp.domain.Orderdetail">
    insert into orderdetail (id, orders_id, items_id, 
      items_num)
    values (#{id,jdbcType=INTEGER}, #{ordersId,jdbcType=INTEGER}, #{itemsId,jdbcType=INTEGER}, 
      #{itemsNum,jdbcType=INTEGER})
  </insert>
  <update id="updateByPrimaryKey" parameterType="com.pp.domain.Orderdetail">
    update orderdetail
    set orders_id = #{ordersId,jdbcType=INTEGER},
      items_id = #{itemsId,jdbcType=INTEGER},
      items_num = #{itemsNum,jdbcType=INTEGER}
    where id = #{id,jdbcType=INTEGER}
  </update>
  <select id="selectByPrimaryKey" parameterType="java.lang.Integer" resultMap="BaseResultMap">
    select id, orders_id, items_id, items_num
    from orderdetail
    where id = #{id,jdbcType=INTEGER}
  </select>
  <select id="selectAll" resultMap="BaseResultMap">
    select id, orders_id, items_id, items_num
    from orderdetail
  </select>
</mapper>