<?xml version="1.0" encoding="UTF-8"?>
<!DOCTYPE mapper PUBLIC "-//mybatis.org//DTD Mapper 3.0//EN" "http://mybatis.org/dtd/mybatis-3-mapper.dtd">
<mapper namespace="com.pp.dao.OrdersMapper">
  <resultMap id="BaseResultMap" type="com.pp.domain.Orders">
    <id column="id" jdbcType="INTEGER" property="id" />
    <result column="user_id" jdbcType="INTEGER" property="userId" />
    <result column="number" jdbcType="VARCHAR" property="number" />
    <result column="createtime" jdbcType="TIMESTAMP" property="createtime" />
    <result column="note" jdbcType="VARCHAR" property="note" />
  </resultMap>
  <delete id="deleteByPrimaryKey" parameterType="java.lang.Integer">
    delete from orders
    where id = #{id,jdbcType=INTEGER}
  </delete>
  <insert id="insert" parameterType="com.pp.domain.Orders">
    insert into orders (id, user_id, number, 
      createtime, note)
    values (#{id,jdbcType=INTEGER}, #{userId,jdbcType=INTEGER}, #{number,jdbcType=VARCHAR}, 
      #{createtime,jdbcType=TIMESTAMP}, #{note,jdbcType=VARCHAR})
  </insert>
  <update id="updateByPrimaryKey" parameterType="com.pp.domain.Orders">
    update orders
    set user_id = #{userId,jdbcType=INTEGER},
      number = #{number,jdbcType=VARCHAR},
      createtime = #{createtime,jdbcType=TIMESTAMP},
      note = #{note,jdbcType=VARCHAR}
    where id = #{id,jdbcType=INTEGER}
  </update>
  <select id="selectByPrimaryKey" parameterType="java.lang.Integer" resultMap="BaseResultMap">
    select id, user_id, number, createtime, note
    from orders
    where id = #{id,jdbcType=INTEGER}
  </select>
  <select id="selectAll" resultMap="BaseResultMap">
    select id, user_id, number, createtime, note
    from orders
  </select>
</mapper>