<?xml version="1.0" encoding="UTF-8"?>
<!DOCTYPE mapper PUBLIC "-//mybatis.org//DTD Mapper 3.0//EN" "http://mybatis.org/dtd/mybatis-3-mapper.dtd">
<mapper namespace="com.pp.dao.UserMapper">
  <resultMap id="BaseResultMap" type="com.pp.domain.User">
    <result column="userName" jdbcType="VARCHAR" property="username" />
    <result column="password" jdbcType="VARCHAR" property="password" />
    <result column="is_manager" jdbcType="VARCHAR" property="isManager" />
  </resultMap>
  <insert id="insert" parameterType="com.pp.domain.User">
    insert into user (userName, password, is_manager
      )
    values (#{username,jdbcType=VARCHAR}, #{password,jdbcType=VARCHAR}, #{isManager,jdbcType=VARCHAR}
      )
  </insert>
  <select id="selectAll" resultMap="BaseResultMap">
    select userName, password, is_manager
    from user
  </select>
  <resultMap id="BaseResultMap" type="com.pp.domain.User">
    <result column="id" jdbcType="INTEGER" property="id" />
    <result column="username" jdbcType="VARCHAR" property="username" />
    <result column="birthday" jdbcType="DATE" property="birthday" />
    <result column="sex" jdbcType="CHAR" property="sex" />
    <result column="address" jdbcType="VARCHAR" property="address" />
  </resultMap>
  <insert id="insert" parameterType="com.pp.domain.User">
    insert into user (id, username, birthday, 
      sex, address)
    values (#{id,jdbcType=INTEGER}, #{username,jdbcType=VARCHAR}, #{birthday,jdbcType=DATE}, 
      #{sex,jdbcType=CHAR}, #{address,jdbcType=VARCHAR})
  </insert>
  <select id="selectAll" resultMap="BaseResultMap">
    select id, username, birthday, sex, address
    from user
  </select>
  <resultMap id="BaseResultMap" type="com.pp.domain.User">
    <id column="Host" jdbcType="CHAR" property="host" />
    <id column="User" jdbcType="CHAR" property="user" />
    <result column="Select_priv" jdbcType="CHAR" property="selectPriv" />
    <result column="Insert_priv" jdbcType="CHAR" property="insertPriv" />
    <result column="Update_priv" jdbcType="CHAR" property="updatePriv" />
    <result column="Delete_priv" jdbcType="CHAR" property="deletePriv" />
    <result column="Create_priv" jdbcType="CHAR" property="createPriv" />
    <result column="Drop_priv" jdbcType="CHAR" property="dropPriv" />
    <result column="Reload_priv" jdbcType="CHAR" property="reloadPriv" />
    <result column="Shutdown_priv" jdbcType="CHAR" property="shutdownPriv" />
    <result column="Process_priv" jdbcType="CHAR" property="processPriv" />
    <result column="File_priv" jdbcType="CHAR" property="filePriv" />
    <result column="Grant_priv" jdbcType="CHAR" property="grantPriv" />
    <result column="References_priv" jdbcType="CHAR" property="referencesPriv" />
    <result column="Index_priv" jdbcType="CHAR" property="indexPriv" />
    <result column="Alter_priv" jdbcType="CHAR" property="alterPriv" />
    <result column="Show_db_priv" jdbcType="CHAR" property="showDbPriv" />
    <result column="Super_priv" jdbcType="CHAR" property="superPriv" />
    <result column="Create_tmp_table_priv" jdbcType="CHAR" property="createTmpTablePriv" />
    <result column="Lock_tables_priv" jdbcType="CHAR" property="lockTablesPriv" />
    <result column="Execute_priv" jdbcType="CHAR" property="executePriv" />
    <result column="Repl_slave_priv" jdbcType="CHAR" property="replSlavePriv" />
    <result column="Repl_client_priv" jdbcType="CHAR" property="replClientPriv" />
    <result column="Create_view_priv" jdbcType="CHAR" property="createViewPriv" />
    <result column="Show_view_priv" jdbcType="CHAR" property="showViewPriv" />
    <result column="Create_routine_priv" jdbcType="CHAR" property="createRoutinePriv" />
    <result column="Alter_routine_priv" jdbcType="CHAR" property="alterRoutinePriv" />
    <result column="Create_user_priv" jdbcType="CHAR" property="createUserPriv" />
    <result column="Event_priv" jdbcType="CHAR" property="eventPriv" />
    <result column="Trigger_priv" jdbcType="CHAR" property="triggerPriv" />
    <result column="Create_tablespace_priv" jdbcType="CHAR" property="createTablespacePriv" />
    <result column="ssl_type" jdbcType="CHAR" property="sslType" />
    <result column="max_questions" jdbcType="INTEGER" property="maxQuestions" />
    <result column="max_updates" jdbcType="INTEGER" property="maxUpdates" />
    <result column="max_connections" jdbcType="INTEGER" property="maxConnections" />
    <result column="max_user_connections" jdbcType="INTEGER" property="maxUserConnections" />
    <result column="plugin" jdbcType="CHAR" property="plugin" />
    <result column="password_expired" jdbcType="CHAR" property="passwordExpired" />
    <result column="password_last_changed" jdbcType="TIMESTAMP" property="passwordLastChanged" />
    <result column="password_lifetime" jdbcType="SMALLINT" property="passwordLifetime" />
    <result column="account_locked" jdbcType="CHAR" property="accountLocked" />
    <result column="Create_role_priv" jdbcType="CHAR" property="createRolePriv" />
    <result column="Drop_role_priv" jdbcType="CHAR" property="dropRolePriv" />
    <result column="Password_reuse_history" jdbcType="SMALLINT" property="passwordReuseHistory" />
    <result column="Password_reuse_time" jdbcType="SMALLINT" property="passwordReuseTime" />
    <result column="Password_require_current" jdbcType="CHAR" property="passwordRequireCurrent" />
    <result column="ssl_cipher" jdbcType="LONGVARBINARY" property="sslCipher" />
    <result column="x509_issuer" jdbcType="LONGVARBINARY" property="x509Issuer" />
    <result column="x509_subject" jdbcType="LONGVARBINARY" property="x509Subject" />
    <result column="authentication_string" jdbcType="LONGVARCHAR" property="authenticationString" />
    <result column="User_attributes" jdbcType="LONGVARCHAR" property="userAttributes" />
  </resultMap>
  <delete id="deleteByPrimaryKey" parameterType="map">
    delete from user
    where Host = #{host,jdbcType=CHAR}
      and User = #{user,jdbcType=CHAR}
  </delete>
  <insert id="insert" parameterType="com.pp.domain.User">
    insert into user (Host, User, Select_priv, 
      Insert_priv, Update_priv, Delete_priv, 
      Create_priv, Drop_priv, Reload_priv, 
      Shutdown_priv, Process_priv, File_priv, 
      Grant_priv, References_priv, Index_priv, 
      Alter_priv, Show_db_priv, Super_priv, 
      Create_tmp_table_priv, Lock_tables_priv, Execute_priv, 
      Repl_slave_priv, Repl_client_priv, Create_view_priv, 
      Show_view_priv, Create_routine_priv, Alter_routine_priv, 
      Create_user_priv, Event_priv, Trigger_priv, 
      Create_tablespace_priv, ssl_type, max_questions, 
      max_updates, max_connections, max_user_connections, 
      plugin, password_expired, password_last_changed, 
      password_lifetime, account_locked, Create_role_priv, 
      Drop_role_priv, Password_reuse_history, Password_reuse_time, 
      Password_require_current, ssl_cipher, x509_issuer, 
      x509_subject, authentication_string, 
      User_attributes)
    values (#{host,jdbcType=CHAR}, #{user,jdbcType=CHAR}, #{selectPriv,jdbcType=CHAR}, 
      #{insertPriv,jdbcType=CHAR}, #{updatePriv,jdbcType=CHAR}, #{deletePriv,jdbcType=CHAR}, 
      #{createPriv,jdbcType=CHAR}, #{dropPriv,jdbcType=CHAR}, #{reloadPriv,jdbcType=CHAR}, 
      #{shutdownPriv,jdbcType=CHAR}, #{processPriv,jdbcType=CHAR}, #{filePriv,jdbcType=CHAR}, 
      #{grantPriv,jdbcType=CHAR}, #{referencesPriv,jdbcType=CHAR}, #{indexPriv,jdbcType=CHAR}, 
      #{alterPriv,jdbcType=CHAR}, #{showDbPriv,jdbcType=CHAR}, #{superPriv,jdbcType=CHAR}, 
      #{createTmpTablePriv,jdbcType=CHAR}, #{lockTablesPriv,jdbcType=CHAR}, #{executePriv,jdbcType=CHAR}, 
      #{replSlavePriv,jdbcType=CHAR}, #{replClientPriv,jdbcType=CHAR}, #{createViewPriv,jdbcType=CHAR}, 
      #{showViewPriv,jdbcType=CHAR}, #{createRoutinePriv,jdbcType=CHAR}, #{alterRoutinePriv,jdbcType=CHAR}, 
      #{createUserPriv,jdbcType=CHAR}, #{eventPriv,jdbcType=CHAR}, #{triggerPriv,jdbcType=CHAR}, 
      #{createTablespacePriv,jdbcType=CHAR}, #{sslType,jdbcType=CHAR}, #{maxQuestions,jdbcType=INTEGER}, 
      #{maxUpdates,jdbcType=INTEGER}, #{maxConnections,jdbcType=INTEGER}, #{maxUserConnections,jdbcType=INTEGER}, 
      #{plugin,jdbcType=CHAR}, #{passwordExpired,jdbcType=CHAR}, #{passwordLastChanged,jdbcType=TIMESTAMP}, 
      #{passwordLifetime,jdbcType=SMALLINT}, #{accountLocked,jdbcType=CHAR}, #{createRolePriv,jdbcType=CHAR}, 
      #{dropRolePriv,jdbcType=CHAR}, #{passwordReuseHistory,jdbcType=SMALLINT}, #{passwordReuseTime,jdbcType=SMALLINT}, 
      #{passwordRequireCurrent,jdbcType=CHAR}, #{sslCipher,jdbcType=LONGVARBINARY}, #{x509Issuer,jdbcType=LONGVARBINARY}, 
      #{x509Subject,jdbcType=LONGVARBINARY}, #{authenticationString,jdbcType=LONGVARCHAR}, 
      #{userAttributes,jdbcType=LONGVARCHAR})
  </insert>
  <update id="updateByPrimaryKey" parameterType="com.pp.domain.User">
    update user
    set Select_priv = #{selectPriv,jdbcType=CHAR},
      Insert_priv = #{insertPriv,jdbcType=CHAR},
      Update_priv = #{updatePriv,jdbcType=CHAR},
      Delete_priv = #{deletePriv,jdbcType=CHAR},
      Create_priv = #{createPriv,jdbcType=CHAR},
      Drop_priv = #{dropPriv,jdbcType=CHAR},
      Reload_priv = #{reloadPriv,jdbcType=CHAR},
      Shutdown_priv = #{shutdownPriv,jdbcType=CHAR},
      Process_priv = #{processPriv,jdbcType=CHAR},
      File_priv = #{filePriv,jdbcType=CHAR},
      Grant_priv = #{grantPriv,jdbcType=CHAR},
      References_priv = #{referencesPriv,jdbcType=CHAR},
      Index_priv = #{indexPriv,jdbcType=CHAR},
      Alter_priv = #{alterPriv,jdbcType=CHAR},
      Show_db_priv = #{showDbPriv,jdbcType=CHAR},
      Super_priv = #{superPriv,jdbcType=CHAR},
      Create_tmp_table_priv = #{createTmpTablePriv,jdbcType=CHAR},
      Lock_tables_priv = #{lockTablesPriv,jdbcType=CHAR},
      Execute_priv = #{executePriv,jdbcType=CHAR},
      Repl_slave_priv = #{replSlavePriv,jdbcType=CHAR},
      Repl_client_priv = #{replClientPriv,jdbcType=CHAR},
      Create_view_priv = #{createViewPriv,jdbcType=CHAR},
      Show_view_priv = #{showViewPriv,jdbcType=CHAR},
      Create_routine_priv = #{createRoutinePriv,jdbcType=CHAR},
      Alter_routine_priv = #{alterRoutinePriv,jdbcType=CHAR},
      Create_user_priv = #{createUserPriv,jdbcType=CHAR},
      Event_priv = #{eventPriv,jdbcType=CHAR},
      Trigger_priv = #{triggerPriv,jdbcType=CHAR},
      Create_tablespace_priv = #{createTablespacePriv,jdbcType=CHAR},
      ssl_type = #{sslType,jdbcType=CHAR},
      max_questions = #{maxQuestions,jdbcType=INTEGER},
      max_updates = #{maxUpdates,jdbcType=INTEGER},
      max_connections = #{maxConnections,jdbcType=INTEGER},
      max_user_connections = #{maxUserConnections,jdbcType=INTEGER},
      plugin = #{plugin,jdbcType=CHAR},
      password_expired = #{passwordExpired,jdbcType=CHAR},
      password_last_changed = #{passwordLastChanged,jdbcType=TIMESTAMP},
      password_lifetime = #{passwordLifetime,jdbcType=SMALLINT},
      account_locked = #{accountLocked,jdbcType=CHAR},
      Create_role_priv = #{createRolePriv,jdbcType=CHAR},
      Drop_role_priv = #{dropRolePriv,jdbcType=CHAR},
      Password_reuse_history = #{passwordReuseHistory,jdbcType=SMALLINT},
      Password_reuse_time = #{passwordReuseTime,jdbcType=SMALLINT},
      Password_require_current = #{passwordRequireCurrent,jdbcType=CHAR},
      ssl_cipher = #{sslCipher,jdbcType=LONGVARBINARY},
      x509_issuer = #{x509Issuer,jdbcType=LONGVARBINARY},
      x509_subject = #{x509Subject,jdbcType=LONGVARBINARY},
      authentication_string = #{authenticationString,jdbcType=LONGVARCHAR},
      User_attributes = #{userAttributes,jdbcType=LONGVARCHAR}
    where Host = #{host,jdbcType=CHAR}
      and User = #{user,jdbcType=CHAR}
  </update>
  <select id="selectByPrimaryKey" parameterType="map" resultMap="BaseResultMap">
    select Host, User, Select_priv, Insert_priv, Update_priv, Delete_priv, Create_priv, 
    Drop_priv, Reload_priv, Shutdown_priv, Process_priv, File_priv, Grant_priv, References_priv, 
    Index_priv, Alter_priv, Show_db_priv, Super_priv, Create_tmp_table_priv, Lock_tables_priv, 
    Execute_priv, Repl_slave_priv, Repl_client_priv, Create_view_priv, Show_view_priv, 
    Create_routine_priv, Alter_routine_priv, Create_user_priv, Event_priv, Trigger_priv, 
    Create_tablespace_priv, ssl_type, max_questions, max_updates, max_connections, max_user_connections, 
    plugin, password_expired, password_last_changed, password_lifetime, account_locked, 
    Create_role_priv, Drop_role_priv, Password_reuse_history, Password_reuse_time, Password_require_current, 
    ssl_cipher, x509_issuer, x509_subject, authentication_string, User_attributes
    from user
    where Host = #{host,jdbcType=CHAR}
      and User = #{user,jdbcType=CHAR}
  </select>
  <select id="selectAll" resultMap="BaseResultMap">
    select Host, User, Select_priv, Insert_priv, Update_priv, Delete_priv, Create_priv, 
    Drop_priv, Reload_priv, Shutdown_priv, Process_priv, File_priv, Grant_priv, References_priv, 
    Index_priv, Alter_priv, Show_db_priv, Super_priv, Create_tmp_table_priv, Lock_tables_priv, 
    Execute_priv, Repl_slave_priv, Repl_client_priv, Create_view_priv, Show_view_priv, 
    Create_routine_priv, Alter_routine_priv, Create_user_priv, Event_priv, Trigger_priv, 
    Create_tablespace_priv, ssl_type, max_questions, max_updates, max_connections, max_user_connections, 
    plugin, password_expired, password_last_changed, password_lifetime, account_locked, 
    Create_role_priv, Drop_role_priv, Password_reuse_history, Password_reuse_time, Password_require_current, 
    ssl_cipher, x509_issuer, x509_subject, authentication_string, User_attributes
    from user
  </select>
  <resultMap id="BaseResultMap" type="com.pp.domain.User">
    <result column="id" jdbcType="VARCHAR" property="id" />
    <result column="username" jdbcType="VARCHAR" property="username" />
    <result column="password" jdbcType="VARCHAR" property="password" />
    <result column="state" jdbcType="INTEGER" property="state" />
  </resultMap>
  <insert id="insert" parameterType="com.pp.domain.User">
    insert into user (id, username, password, 
      state)
    values (#{id,jdbcType=VARCHAR}, #{username,jdbcType=VARCHAR}, #{password,jdbcType=VARCHAR}, 
      #{state,jdbcType=INTEGER})
  </insert>
  <select id="selectAll" resultMap="BaseResultMap">
    select id, username, password, state
    from user
  </select>
</mapper>